timestep,consumption_eur
2006-09-01,68536.54166666667
2006-09-02,64822.583333333336
2006-09-03,63299.875
2006-09-04,69115.29166666667
2006-09-05,69807.29166666667
2006-09-06,69744.66666666667
2006-09-07,72203.20833333333
2006-09-08,71383.45833333333
2006-09-09,67304.625
2006-09-10,65893.54166666667
2006-09-11,71824.0
2006-09-12,72595.20833333333
2006-09-13,73054.20833333333
2006-09-14,73054.20833333333
2006-09-15,73688.95833333333
2006-09-16,69484.625
2006-09-17,68694.625
2006-09-18,74640.5
2006-09-19,75124.58333333333
2006-09-20,75860.45833333333
2006-09-21,76409.75
2006-09-22,75457.75
2006-09-23,71040.91666666667
2006-09-24,69931.75
2006-09-25,75491.70833333333
2006-09-26,75921.58333333333
2006-09-27,75808.79166666667
2006-09-28,76560.66666666667
2006-09-29,76704.125
2006-09-30,72165.75
2006-10-01,71021.0
2006-10-02,76944.29166666667
2006-10-03,77463.875
2006-10-04,78570.58333333333
2006-10-05,78101.79166666667
2006-10-06,79661.91666666667
2006-10-07,74739.29166666667
2006-10-08,73284.41666666667
2006-10-09,79528.375
2006-10-10,80276.625
2006-10-11,81075.04166666667
2006-10-12,82118.91666666667
2006-10-13,82254.58333333333
2006-10-14,77592.25
2006-10-15,76912.83333333333
2006-10-16,83911.70833333333
2006-10-17,84848.41666666667
2006-10-18,86394.04166666667
2006-10-19,86496.66666666667
2006-10-20,87027.5
2006-10-21,82290.625
2006-10-22,81208.66666666667
2006-10-23,87090.70833333333
2006-10-24,86750.75
2006-10-25,86511.875
2006-10-26,85695.75
2006-10-27,84978.0
2006-10-28,81194.91666666667
2006-10-29,79733.5
2006-10-30,85623.79166666667
2006-10-31,86035.45833333333
2006-11-01,87282.75
2006-11-02,87515.125
2006-11-03,87287.08333333333
2006-11-04,82817.41666666667
2006-11-05,81628.66666666667
2006-11-06,82233.0
2006-11-07,87748.20833333333
2006-11-08,89293.5
2006-11-09,89900.16666666667
2006-11-10,89555.625
2006-11-11,84216.95833333333
2006-11-12,83501.125
2006-11-13,89742.0
2006-11-14,90639.0
2006-11-15,90586.83333333333
2006-11-16,91054.91666666667
2006-11-17,90866.95833333333
2006-11-18,86370.125
2006-11-19,85314.91666666667
2006-11-20,91382.58333333333
2006-11-21,92332.08333333333
2006-11-22,92944.79166666667
2006-11-23,92855.08333333333
2006-11-24,92242.5
2006-11-25,87358.33333333333
2006-11-26,85971.54166666667
2006-11-27,92906.58333333333
2006-11-28,93085.54166666667
2006-11-29,93541.75
2006-11-30,93512.625
2006-12-01,93241.58333333333
2006-12-02,88426.75
2006-12-03,86242.25
2006-12-04,92280.75
2006-12-05,91989.41666666667
2006-12-06,92041.41666666667
2006-12-07,91813.66666666667
2006-12-08,91256.625
2006-12-09,86371.625
2006-12-10,84668.41666666667
2006-12-11,91277.08333333333
2006-12-12,91418.45833333333
2006-12-13,91891.16666666667
2006-12-14,92109.45833333333
2006-12-15,92015.58333333333
2006-12-16,87216.29166666667
2006-12-17,85238.83333333333
2006-12-18,91870.70833333333
2006-12-19,92382.79166666667
2006-12-20,92783.29166666667
2006-12-21,93897.5
2006-12-22,94426.25
2006-12-23,89668.54166666667
2006-12-24,87901.66666666667
2006-12-25,94331.25
2006-12-26,95094.91666666667
2006-12-27,95664.5
2006-12-28,95522.04166666667
2006-12-29,94791.45833333333
2006-12-30,89934.20833333333
2006-12-31,87469.20833333333
2007-01-01,82845.16666666667
2007-01-02,84244.125
2007-01-03,85183.45833333333
2007-01-04,85631.33333333333
2007-01-05,85668.83333333333
2007-01-06,85285.375
2007-01-07,84385.70833333333
2007-01-08,86162.625
2007-01-09,91293.125
2007-01-10,91771.5
2007-01-11,91735.58333333333
2007-01-12,90696.75
2007-01-13,85976.20833333333
2007-01-14,85238.66666666667
2007-01-15,91009.58333333333
2007-01-16,91621.45833333333
2007-01-17,91605.54166666667
2007-01-18,91640.66666666667
2007-01-19,91605.91666666667
2007-01-20,86870.41666666667
2007-01-21,84832.5
2007-01-22,91468.45833333333
2007-01-23,91966.5
2007-01-24,92995.54166666667
2007-01-25,93349.95833333333
2007-01-26,94645.625
2007-01-27,90112.45833333333
2007-01-28,88593.04166666667
2007-01-29,94292.70833333333
2007-01-30,95729.75
2007-01-31,96034.70833333333
2007-02-01,96361.70833333333
2007-02-02,96238.5
2007-02-03,91545.04166666667
2007-02-04,89543.45833333333
2007-02-05,95815.33333333333
2007-02-06,96504.125
2007-02-07,96275.83333333333
2007-02-08,96926.125
2007-02-09,97091.54166666667
2007-02-10,92040.16666666667
2007-02-11,90047.58333333333
2007-02-12,97396.0
2007-02-13,96632.54166666667
2007-02-14,96158.41666666667
2007-02-15,96049.25
2007-02-16,95542.70833333333
2007-02-17,91289.54166666667
2007-02-18,89527.5
2007-02-19,96309.70833333333
2007-02-20,97013.04166666667
2007-02-21,97490.91666666667
2007-02-22,97121.0
2007-02-23,92390.875
2007-02-24,91916.08333333333
2007-02-25,91127.875
2007-02-26,97818.375
2007-02-27,98100.79166666667
2007-02-28,97621.5
2007-03-01,96494.95833333333
2007-03-02,95134.45833333333
2007-03-03,89232.0
2007-03-04,87537.875
2007-03-05,93625.54166666667
2007-03-06,92842.375
2007-03-07,91321.08333333333
2007-03-08,85469.70833333333
2007-03-09,89877.16666666667
2007-03-10,83891.25
2007-03-11,83441.08333333333
2007-03-12,89199.25
2007-03-13,88654.08333333333
2007-03-14,89068.83333333333
2007-03-15,89079.54166666667
2007-03-16,88241.83333333333
2007-03-17,83956.875
2007-03-18,82819.375
2007-03-19,88428.875
2007-03-20,87484.70833333333
2007-03-21,86985.25
2007-03-22,85831.95833333333
2007-03-23,85115.0
2007-03-24,81135.70833333333
2007-03-25,79831.875
2007-03-26,85233.16666666667
2007-03-27,85568.125
2007-03-28,85125.375
2007-03-29,84179.875
2007-03-30,83732.29166666667
2007-03-31,79623.5
2007-04-01,77935.91666666667
2007-04-02,83419.29166666667
2007-04-03,83168.125
2007-04-04,83236.625
2007-04-05,83250.375
2007-04-06,83498.83333333333
2007-04-07,79400.45833333333
2007-04-08,77280.41666666667
2007-04-09,83461.75
2007-04-10,83063.29166666667
2007-04-11,83206.08333333333
2007-04-12,83292.70833333333
2007-04-13,83410.54166666667
2007-04-14,78084.41666666667
2007-04-15,75865.95833333333
2007-04-16,82600.375
2007-04-17,82526.29166666667
2007-04-18,81963.33333333333
2007-04-19,81218.33333333333
2007-04-20,81109.125
2007-04-21,77497.66666666667
2007-04-22,75310.375
2007-04-23,80793.5
2007-04-24,81382.25
2007-04-25,81198.70833333333
2007-04-26,80808.08333333333
2007-04-27,80375.16666666667
2007-04-28,79051.20833333333
2007-04-29,74993.16666666667
2007-04-30,74409.29166666667
2007-05-01,73444.375
2007-05-02,79898.125
2007-05-03,79642.83333333333
2007-05-04,80756.08333333333
2007-05-05,76288.70833333333
2007-05-06,74341.54166666667
2007-05-07,79949.33333333333
2007-05-08,79100.29166666667
2007-05-09,73956.54166666667
2007-05-10,79040.5
2007-05-11,77539.29166666667
2007-05-12,73810.54166666667
2007-05-13,71851.95833333333
2007-05-14,77022.20833333333
2007-05-15,76621.91666666667
2007-05-16,76011.625
2007-05-17,75216.16666666667
2007-05-18,74352.41666666667
2007-05-19,69673.5
2007-05-20,67018.25
2007-05-21,72302.58333333333
2007-05-22,72157.58333333333
2007-05-23,72504.375
2007-05-24,72869.25
2007-05-25,73078.33333333333
2007-05-26,68326.375
2007-05-27,67330.95833333333
2007-05-28,72880.66666666667
2007-05-29,72906.41666666667
2007-05-30,73108.29166666667
2007-05-31,72949.5
2007-06-01,73346.33333333333
2007-06-02,69283.0
2007-06-03,66871.33333333333
2007-06-04,72954.25
2007-06-05,73307.20833333333
2007-06-06,72811.95833333333
2007-06-07,72667.29166666667
2007-06-08,73201.5
2007-06-09,71867.66666666667
2007-06-10,67245.125
2007-06-11,66810.375
2007-06-12,65649.25
2007-06-13,70729.41666666667
2007-06-14,71415.79166666667
2007-06-15,70736.5
2007-06-16,66167.95833333333
2007-06-17,65062.458333333336
2007-06-18,70761.08333333333
2007-06-19,71380.875
2007-06-20,71334.08333333333
2007-06-21,71034.79166666667
2007-06-22,70712.75
2007-06-23,66236.08333333333
2007-06-24,64628.958333333336
2007-06-25,70247.45833333333
2007-06-26,70405.58333333333
2007-06-27,70628.33333333333
2007-06-28,70858.375
2007-06-29,70695.04166666667
2007-06-30,66033.625
2007-07-01,64497.416666666664
2007-07-02,70143.29166666667
2007-07-03,70479.875
2007-07-04,69999.95833333333
2007-07-05,70038.79166666667
2007-07-06,71153.375
2007-07-07,66957.16666666667
2007-07-08,65191.291666666664
2007-07-09,71079.58333333333
2007-07-10,71230.79166666667
2007-07-11,71602.08333333333
2007-07-12,71533.5
2007-07-13,71317.16666666667
2007-07-14,66673.45833333333
2007-07-15,64787.958333333336
2007-07-16,71015.20833333333
2007-07-17,71444.375
2007-07-18,71841.58333333333
2007-07-19,71663.08333333333
2007-07-20,71799.25
2007-07-21,66761.875
2007-07-22,65217.833333333336
2007-07-23,71507.41666666667
2007-07-24,72247.0
2007-07-25,72507.875
2007-07-26,72131.66666666667
2007-07-27,71770.54166666667
2007-07-28,67535.79166666667
2007-07-29,65607.625
2007-07-30,71568.54166666667
2007-07-31,71889.41666666667
2007-08-01,72177.08333333333
2007-08-02,71864.58333333333
2007-08-03,71874.125
2007-08-04,68076.33333333333
2007-08-05,66583.08333333333
2007-08-06,72003.33333333333
2007-08-07,72194.625
2007-08-08,72274.70833333333
2007-08-09,72685.58333333333
2007-08-10,72590.79166666667
2007-08-11,68276.25
2007-08-12,66689.45833333333
2007-08-13,72524.95833333333
2007-08-14,72803.875
2007-08-15,72757.79166666667
2007-08-16,73286.375
2007-08-17,73122.75
2007-08-18,68387.375
2007-08-19,67453.16666666667
2007-08-20,73096.125
2007-08-21,73582.70833333333
2007-08-22,73703.58333333333
2007-08-23,74056.04166666667
2007-08-24,74336.45833333333
2007-08-25,69776.54166666667
2007-08-26,67874.95833333333
2007-08-27,73591.66666666667
2007-08-28,73966.58333333333
2007-08-29,74337.54166666667
2007-08-30,74326.58333333333
2007-08-31,73955.66666666667
2007-09-01,70133.875
2007-09-02,68606.04166666667
2007-09-03,74243.45833333333
2007-09-04,74878.70833333333
2007-09-05,74926.625
2007-09-06,75274.16666666667
2007-09-07,74933.20833333333
2007-09-08,71067.54166666667
2007-09-09,69338.29166666667
2007-09-10,74767.29166666667
2007-09-11,75954.0
2007-09-12,76812.16666666667
2007-09-13,76989.58333333333
2007-09-14,77302.83333333333
2007-09-15,73345.91666666667
2007-09-16,72095.75
2007-09-17,77688.79166666667
2007-09-18,78108.58333333333
2007-09-19,78600.54166666667
2007-09-20,78977.5
2007-09-21,78454.375
2007-09-22,75095.0
2007-09-23,73280.0
2007-09-24,78797.04166666667
2007-09-25,78733.54166666667
2007-09-26,78539.33333333333
2007-09-27,78905.58333333333
2007-09-28,78243.33333333333
2007-09-29,74089.625
2007-09-30,72204.91666666667
2007-10-01,78408.04166666667
2007-10-02,78526.04166666667
2007-10-03,78806.54166666667
2007-10-04,78537.20833333333
2007-10-05,78837.125
2007-10-06,74614.33333333333
2007-10-07,72907.875
2007-10-08,79983.08333333333
2007-10-09,80617.20833333333
2007-10-10,81277.5
2007-10-11,82027.79166666667
2007-10-12,82803.5
2007-10-13,78807.33333333333
2007-10-14,77803.83333333333
2007-10-15,84485.33333333333
2007-10-16,85586.20833333333
2007-10-17,86146.20833333333
2007-10-18,86627.875
2007-10-19,86181.54166666667
2007-10-20,81570.95833333333
2007-10-21,79983.58333333333
2007-10-22,86262.5
2007-10-23,86277.125
2007-10-24,86538.45833333333
2007-10-25,86323.66666666667
2007-10-26,86494.08333333333
2007-10-27,82390.08333333333
2007-10-28,79941.45833333333
2007-10-29,86820.04166666667
2007-10-30,87735.33333333333
2007-10-31,88251.5
2007-11-01,88106.45833333333
2007-11-02,87649.375
2007-11-03,83442.66666666667
2007-11-04,81988.58333333333
2007-11-05,83125.33333333333
2007-11-06,88966.91666666667
2007-11-07,89907.95833333333
2007-11-08,91333.75
2007-11-09,92576.45833333333
2007-11-10,88727.25
2007-11-11,87295.66666666667
2007-11-12,93251.29166666667
2007-11-13,93965.91666666667
2007-11-14,94477.45833333333
2007-11-15,94852.375
2007-11-16,94556.625
2007-11-17,90323.45833333333
2007-11-18,88645.45833333333
2007-11-19,94615.70833333333
2007-11-20,94961.75
2007-11-21,95916.29166666667
2007-11-22,96274.54166666667
2007-11-23,95888.04166666667
2007-11-24,90634.29166666667
2007-11-25,88383.04166666667
2007-11-26,95355.41666666667
2007-11-27,96075.125
2007-11-28,95746.25
2007-11-29,95924.08333333333
2007-11-30,95851.375
2007-12-01,91540.375
2007-12-02,90010.33333333333
2007-12-03,96362.75
2007-12-04,96518.16666666667
2007-12-05,96787.125
2007-12-06,96636.20833333333
2007-12-07,96343.33333333333
2007-12-08,92106.25
2007-12-09,90143.375
2007-12-10,96684.625
2007-12-11,97170.58333333333
2007-12-12,98001.08333333333
2007-12-13,97845.33333333333
2007-12-14,98031.625
2007-12-15,93134.70833333333
2007-12-16,91480.91666666667
2007-12-17,97334.125
2007-12-18,97193.45833333333
2007-12-19,97461.25
2007-12-20,97200.66666666667
2007-12-21,97604.41666666667
2007-12-22,93517.70833333333
2007-12-23,91290.45833333333
2007-12-24,97726.25
2007-12-25,98291.95833333333
2007-12-26,98613.41666666667
2007-12-27,98475.625
2007-12-28,97777.70833333333
2007-12-29,96140.83333333333
2007-12-30,91959.79166666667
2007-12-31,90613.29166666667
2008-01-01,85853.58333333333
2008-01-02,87321.33333333333
2008-01-03,88570.20833333333
2008-01-04,90649.125
2008-01-05,92286.875
2008-01-06,92858.79166666667
2008-01-07,92162.33333333333
2008-01-08,93852.625
2008-01-09,99754.20833333333
2008-01-10,100846.625
2008-01-11,101583.66666666667
2008-01-12,96379.5
2008-01-13,94472.08333333333
2008-01-14,100285.83333333333
2008-01-15,99738.5
2008-01-16,99063.95833333333
2008-01-17,98524.58333333333
2008-01-18,98534.83333333333
2008-01-19,94716.70833333333
2008-01-20,92973.29166666667
2008-01-21,99057.66666666667
2008-01-22,98740.375
2008-01-23,99118.25
2008-01-24,99263.125
2008-01-25,98533.66666666667
2008-01-26,93707.83333333333
2008-01-27,91663.66666666667
2008-01-28,97918.16666666667
2008-01-29,98517.41666666667
2008-01-30,98692.75
2008-01-31,98591.95833333333
2008-02-01,97574.66666666667
2008-02-02,93574.33333333333
2008-02-03,90897.04166666667
2008-02-04,96796.29166666667
2008-02-05,97513.91666666667
2008-02-06,97055.45833333333
2008-02-07,96937.08333333333
2008-02-08,97639.16666666667
2008-02-09,92594.70833333333
2008-02-10,90652.375
2008-02-11,96280.45833333333
2008-02-12,96889.0
2008-02-13,96314.25
2008-02-14,96946.0
2008-02-15,96903.29166666667
2008-02-16,92585.33333333333
2008-02-17,91078.70833333333
2008-02-18,96816.875
2008-02-19,97560.54166666667
2008-02-20,97830.95833333333
2008-02-21,97733.08333333333
2008-02-22,96150.0
2008-02-23,90149.5
2008-02-24,89032.16666666667
2008-02-25,88929.625
2008-02-26,94753.33333333333
2008-02-27,94112.875
2008-02-28,93422.41666666667
2008-02-29,92538.08333333333
2008-03-01,88079.0
2008-03-02,86278.45833333333
2008-03-03,91675.375
2008-03-04,91966.45833333333
2008-03-05,91878.0
2008-03-06,91669.5
2008-03-07,90262.875
2008-03-08,84979.5
2008-03-09,84062.70833333333
2008-03-10,85129.875
2008-03-11,90605.95833333333
2008-03-12,90644.33333333333
2008-03-13,91104.58333333333
2008-03-14,90039.33333333333
2008-03-15,85109.58333333333
2008-03-16,84231.04166666667
2008-03-17,90661.79166666667
2008-03-18,90760.625
2008-03-19,90359.83333333333
2008-03-20,90360.5
2008-03-21,90092.375
2008-03-22,85591.375
2008-03-23,83977.83333333333
2008-03-24,89460.83333333333
2008-03-25,88880.33333333333
2008-03-26,88647.29166666667
2008-03-27,88078.79166666667
2008-03-28,87561.29166666667
2008-03-29,81880.625
2008-03-30,81370.625
2008-03-31,86654.08333333333
2008-04-01,86040.20833333333
2008-04-02,84063.16666666667
2008-04-03,84839.45833333333
2008-04-04,84471.08333333333
2008-04-05,80148.625
2008-04-06,78369.625
2008-04-07,84058.91666666667
2008-04-08,83812.54166666667
2008-04-09,83346.25
2008-04-10,83090.5
2008-04-11,82592.75
2008-04-12,78115.125
2008-04-13,76136.91666666667
2008-04-14,82487.66666666667
2008-04-15,83049.16666666667
2008-04-16,84063.91666666667
2008-04-17,84298.16666666667
2008-04-18,84035.95833333333
2008-04-19,78786.875
2008-04-20,77443.16666666667
2008-04-21,83289.875
2008-04-22,82615.5
2008-04-23,81878.5
2008-04-24,82440.83333333333
2008-04-25,81707.58333333333
2008-04-26,77315.625
2008-04-27,75166.375
2008-04-28,81022.91666666667
2008-04-29,80314.5
2008-04-30,78776.0
2008-05-01,71549.08333333333
2008-05-02,70999.95833333333
2008-05-03,71317.375
2008-05-04,76877.29166666667
2008-05-05,77118.83333333333
2008-05-06,77012.95833333333
2008-05-07,77760.08333333333
2008-05-08,77723.54166666667
2008-05-09,72189.875
2008-05-10,71920.08333333333
2008-05-11,70435.54166666667
2008-05-12,76298.91666666667
2008-05-13,76548.875
2008-05-14,76742.95833333333
2008-05-15,77771.75
2008-05-16,77990.41666666667
2008-05-17,73320.95833333333
2008-05-18,70927.04166666667
2008-05-19,75994.875
2008-05-20,76193.04166666667
2008-05-21,76777.41666666667
2008-05-22,77298.20833333333
2008-05-23,77214.0
2008-05-24,73463.08333333333
2008-05-25,72186.375
2008-05-26,77388.79166666667
2008-05-27,77939.41666666667
2008-05-28,77778.375
2008-05-29,77299.79166666667
2008-05-30,76896.20833333333
2008-05-31,71930.375
2008-06-01,70334.08333333333
2008-06-02,76179.08333333333
2008-06-03,75412.08333333333
2008-06-04,75556.29166666667
2008-06-05,75063.25
2008-06-06,75108.79166666667
2008-06-07,74308.20833333333
2008-06-08,70447.75
2008-06-09,75369.95833333333
2008-06-10,76457.91666666667
2008-06-11,75861.04166666667
2008-06-12,70167.875
2008-06-13,69466.83333333333
2008-06-14,69147.875
2008-06-15,68469.58333333333
2008-06-16,73523.0
2008-06-17,73110.5
2008-06-18,73438.25
2008-06-19,73160.04166666667
2008-06-20,72657.70833333333
2008-06-21,68792.41666666667
2008-06-22,67661.04166666667
2008-06-23,72729.5
2008-06-24,72797.5
2008-06-25,73529.91666666667
2008-06-26,73260.29166666667
2008-06-27,73580.33333333333
2008-06-28,69774.5
2008-06-29,68025.54166666667
2008-06-30,73230.5
2008-07-01,73174.58333333333
2008-07-02,73015.70833333333
2008-07-03,73151.375
2008-07-04,72854.25
2008-07-05,69166.20833333333
2008-07-06,67681.75
2008-07-07,72710.79166666667
2008-07-08,72359.04166666667
2008-07-09,72289.79166666667
2008-07-10,73291.20833333333
2008-07-11,73574.45833333333
2008-07-12,69753.75
2008-07-13,68438.95833333333
2008-07-14,73867.125
2008-07-15,74100.16666666667
2008-07-16,74623.125
2008-07-17,75342.70833333333
2008-07-18,75492.45833333333
2008-07-19,70594.875
2008-07-20,69019.16666666667
2008-07-21,74896.66666666667
2008-07-22,75163.91666666667
2008-07-23,75655.45833333333
2008-07-24,75846.08333333333
2008-07-25,75618.04166666667
2008-07-26,71082.04166666667
2008-07-27,69098.70833333333
2008-07-28,75288.20833333333
2008-07-29,75830.95833333333
2008-07-30,76324.125
2008-07-31,75691.66666666667
2008-08-01,74788.25
2008-08-02,71194.45833333333
2008-08-03,69462.16666666667
2008-08-04,75436.75
2008-08-05,75715.25
2008-08-06,76045.33333333333
2008-08-07,76380.54166666667
2008-08-08,76336.04166666667
2008-08-09,72003.95833333333
2008-08-10,70787.375
2008-08-11,76130.125
2008-08-12,76927.25
2008-08-13,76699.91666666667
2008-08-14,76803.70833333333
2008-08-15,76716.45833333333
2008-08-16,72380.25
2008-08-17,71237.79166666667
2008-08-18,76864.58333333333
2008-08-19,77288.625
2008-08-20,77790.54166666667
2008-08-21,78281.875
2008-08-22,77996.95833333333
2008-08-23,73649.91666666667
2008-08-24,72458.25
2008-08-25,78299.5
2008-08-26,78408.04166666667
2008-08-27,78454.91666666667
2008-08-28,78567.58333333333
2008-08-29,78387.25
2008-08-30,73491.375
2008-08-31,72628.04166666667
2008-09-01,78322.54166666667
2008-09-02,79305.45833333333
2008-09-03,79253.125
2008-09-04,78551.625
2008-09-05,78039.04166666667
2008-09-06,73753.16666666667
2008-09-07,71951.41666666667
2008-09-08,77709.91666666667
2008-09-09,78002.16666666667
2008-09-10,78578.125
2008-09-11,79054.79166666667
2008-09-12,79686.54166666667
2008-09-13,75816.45833333333
2008-09-14,74438.66666666667
2008-09-15,81018.91666666667
2008-09-16,82512.5
2008-09-17,83858.20833333333
2008-09-18,84596.79166666667
2008-09-19,85045.04166666667
2008-09-20,80109.875
2008-09-21,77889.0
2008-09-22,84691.83333333333
2008-09-23,85055.95833333333
2008-09-24,85398.375
2008-09-25,85085.54166666667
2008-09-26,84975.75
2008-09-27,80073.70833333333
2008-09-28,79092.16666666667
2008-09-29,84816.625
2008-09-30,85337.5
2008-10-01,85620.95833333333
2008-10-02,85409.29166666667
2008-10-03,85128.91666666667
2008-10-04,80213.95833333333
2008-10-05,78685.875
2008-10-06,84453.04166666667
2008-10-07,83699.625
2008-10-08,83820.0
2008-10-09,84338.83333333333
2008-10-10,84848.625
2008-10-11,81098.54166666667
2008-10-12,79607.79166666667
2008-10-13,85503.0
2008-10-14,85845.33333333333
2008-10-15,86236.83333333333
2008-10-16,86114.79166666667
2008-10-17,85833.83333333333
2008-10-18,81743.58333333333
2008-10-19,80370.5
2008-10-20,86377.08333333333
2008-10-21,86379.29166666667
2008-10-22,86231.33333333333
2008-10-23,85862.79166666667
2008-10-24,85527.45833333333
2008-10-25,81760.20833333333
2008-10-26,80499.375
2008-10-27,86006.95833333333
2008-10-28,86859.04166666667
2008-10-29,87001.83333333333
2008-10-30,86333.16666666667
2008-10-31,86191.25
2008-11-01,83713.16666666667
2008-11-02,79786.91666666667
2008-11-03,79043.625
2008-11-04,79495.58333333333
2008-11-05,85946.41666666667
2008-11-06,85961.875
2008-11-07,86251.875
2008-11-08,82180.33333333333
2008-11-09,80617.5
2008-11-10,87029.45833333333
2008-11-11,87742.58333333333
2008-11-12,88024.08333333333
2008-11-13,87959.75
2008-11-14,88099.70833333333
2008-11-15,84039.95833333333
2008-11-16,82749.66666666667
2008-11-17,88755.375
2008-11-18,88792.08333333333
2008-11-19,89328.625
2008-11-20,89385.45833333333
2008-11-21,89968.16666666667
2008-11-22,84750.125
2008-11-23,82835.75
2008-11-24,88986.75
2008-11-25,89287.375
2008-11-26,90060.54166666667
2008-11-27,90154.16666666667
2008-11-28,89724.625
2008-11-29,84738.16666666667
2008-11-30,82760.79166666667
2008-12-01,90020.75
2008-12-02,89424.75
2008-12-03,89600.83333333333
2008-12-04,89021.75
2008-12-05,88312.625
2008-12-06,83487.16666666667
2008-12-07,82121.625
2008-12-08,87646.625
2008-12-09,88213.66666666667
2008-12-10,88583.75
2008-12-11,89087.08333333333
2008-12-12,89365.95833333333
2008-12-13,84824.33333333333
2008-12-14,84225.79166666667
2008-12-15,90001.5
2008-12-16,91208.16666666667
2008-12-17,92018.5
2008-12-18,92750.45833333333
2008-12-19,93171.41666666667
2008-12-20,88892.75
2008-12-21,87554.41666666667
2008-12-22,94093.45833333333
2008-12-23,94099.54166666667
2008-12-24,95119.75
2008-12-25,94820.91666666667
2008-12-26,94617.16666666667
2008-12-27,90321.875
2008-12-28,89165.45833333333
2008-12-29,94485.16666666667
2008-12-30,91579.58333333333
2008-12-31,88215.70833333333
2009-01-01,81361.79166666667
2009-01-02,83016.70833333333
2009-01-03,84222.79166666667
2009-01-04,85182.91666666667
2009-01-05,85756.58333333333
2009-01-06,85823.29166666667
2009-01-07,85287.08333333333
2009-01-08,86441.75
2009-01-09,86866.91666666667
2009-01-10,86540.54166666667
2009-01-11,91330.5
2009-01-12,91861.20833333333
2009-01-13,92326.41666666667
2009-01-14,92311.54166666667
2009-01-15,91325.58333333333
2009-01-16,90295.79166666667
2009-01-17,86251.29166666667
2009-01-18,84901.5
2009-01-19,91109.20833333333
2009-01-20,91423.75
2009-01-21,91753.0
2009-01-22,91967.29166666667
2009-01-23,91123.16666666667
2009-01-24,86560.83333333333
2009-01-25,85012.375
2009-01-26,90609.58333333333
2009-01-27,90781.08333333333
2009-01-28,90207.66666666667
2009-01-29,90343.66666666667
2009-01-30,90398.75
2009-01-31,87188.08333333333
2009-02-01,86317.54166666667
2009-02-02,91763.375
2009-02-03,92338.20833333333
2009-02-04,92676.20833333333
2009-02-05,92330.29166666667
2009-02-06,92715.25
2009-02-07,88201.95833333333
2009-02-08,86797.95833333333
2009-02-09,92007.95833333333
2009-02-10,91469.66666666667
2009-02-11,91314.58333333333
2009-02-12,91306.125
2009-02-13,90550.625
2009-02-14,85681.625
2009-02-15,84578.08333333333
2009-02-16,89823.125
2009-02-17,89788.70833333333
2009-02-18,89907.41666666667
2009-02-19,89892.5
2009-02-20,89188.04166666667
2009-02-21,85732.45833333333
2009-02-22,84690.20833333333
2009-02-23,84869.33333333333
2009-02-24,90094.41666666667
2009-02-25,90395.95833333333
2009-02-26,89927.375
2009-02-27,89640.375
2009-02-28,84847.41666666667
2009-03-01,83963.83333333333
2009-03-02,92469.30012833333
2009-03-03,88976.41666666667
2009-03-04,91562.98599916667
2009-03-05,91007.64778333333
2009-03-06,90338.27864208333
2009-03-07,85474.52245666667
2009-03-08,84048.59700166667
2009-03-09,84500.95442375001
2009-03-10,89175.69498333333
2009-03-11,89807.8509075
2009-03-12,89610.26627124999
2009-03-13,88874.61099875001
2009-03-14,84851.33040041667
2009-03-15,83809.11588166667
2009-03-16,89259.12694958334
2009-03-17,89315.75325250001
2009-03-18,89238.43131208332
2009-03-19,88622.1448525
2009-03-20,87691.99771708333
2009-03-21,84015.24706666666
2009-03-22,82812.91763875
2009-03-23,88021.40592125
2009-03-24,87955.38899374999
2009-03-25,87416.43163666666
2009-03-26,87578.98827791667
2009-03-27,86738.2851525
2009-03-28,82269.54914999999
2009-03-29,81044.24315958333
2009-03-30,85679.45181916667
2009-03-31,84246.04524333334
2009-04-01,84483.13671541667
2009-04-02,83531.37304375
2009-04-03,83462.64224875001
2009-04-04,79102.37271750001
2009-04-05,78172.3287725
2009-04-06,83206.404945
2009-04-07,83585.70442291668
2009-04-08,84005.17382458334
2009-04-09,84400.46842083333
2009-04-10,83685.27668916667
2009-04-11,79420.18847333333
2009-04-12,77958.47200083334
2009-04-13,83707.51659708333
2009-04-14,83174.48404583333
2009-04-15,82536.28482791666
2009-04-16,82453.39387583332
2009-04-17,81912.570635
2009-04-18,78293.72493124999
2009-04-19,77017.51106416667
2009-04-20,82406.61620875
2009-04-21,82302.67708000001
2009-04-22,82346.41926625
2009-04-23,82276.90884999999
2009-04-24,81906.78743083334
2009-04-25,77070.26041333332
2009-04-26,74986.82747083333
2009-04-27,80150.44010041667
2009-04-28,79012.05207833333
2009-04-29,78015.97135083334
2009-04-30,76122.84049125
2009-05-01,70345.13150624999
2009-05-02,70286.17480208333
2009-05-03,70570.87434583333
2009-05-04,74659.64094625
2009-05-05,74232.45507541667
2009-05-06,73291.15364208333
2009-05-07,73210.56510041667
2009-05-08,71801.72786125001
2009-05-09,67460.35709208333
2009-05-10,66988.95474875001
2009-05-11,67401.77375875
2009-05-12,72049.35237291666
2009-05-13,72343.57909833333
2009-05-14,73090.56933291667
2009-05-15,73064.33756125001
2009-05-16,68590.33284
2009-05-17,67645.68098625001
2009-05-18,73300.49316041666
2009-05-19,73788.37564791668
2009-05-20,73892.45344583334
2009-05-21,73856.85448875
2009-05-22,73492.19660916667
2009-05-23,69973.39192458334
2009-05-24,69269.66519833334
2009-05-25,73685.24771708333
2009-05-26,73307.8526975
2009-05-27,73071.0006475
2009-05-28,72168.45963166667
2009-05-29,71364.93098583333
2009-05-30,67247.60676708333
2009-05-31,66440.09049
2009-06-01,70632.29264
2009-06-02,70326.914385
2009-06-03,70631.290035
2009-06-04,70051.75976208334
2009-06-05,70321.26496916667
2009-06-06,66855.47200125
2009-06-07,65548.23453416667
2009-06-08,71081.46239791666
2009-06-09,71201.82356333332
2009-06-10,71664.25732
2009-06-11,71568.4065725
2009-06-12,66628.09700041667
2009-06-13,66927.87711166668
2009-06-14,66520.27734041667
2009-06-15,71765.27994416667
2009-06-16,71603.90217625
2009-06-17,71676.32991083333
2009-06-18,71529.96305
2009-06-19,71538.229
2009-06-20,67040.68831
2009-06-21,65850.73909249999
2009-06-22,71223.51936458334
2009-06-23,71348.14940958333
2009-06-24,71267.89192291666
2009-06-25,71836.77701375
2009-06-26,72230.26334250001
2009-06-27,68298.83902666667
2009-06-28,66498.86213791666
2009-06-29,70965.70474875001
2009-06-30,71276.29654541667
2009-07-01,70860.36376583333
2009-07-02,70981.87174125
2009-07-03,70802.25943625001
2009-07-04,67120.90738625
2009-07-05,66416.36767125
2009-07-06,71305.80045208333
2009-07-07,71463.06819333333
2009-07-08,71287.85839458334
2009-07-09,70945.40673333334
2009-07-10,70704.85920875
2009-07-11,66912.94270458333
2009-07-12,65748.72411791667
2009-07-13,71223.06819291667
2009-07-14,71354.58170166667
2009-07-15,71993.00064791668
2009-07-16,72448.42187166667
2009-07-17,72015.90771125
2009-07-18,67949.72428000001
2009-07-19,66738.99332416667
2009-07-20,72271.64501583333
2009-07-21,72373.28531541667
2009-07-22,72256.09130458334
2009-07-23,72396.57795833334
2009-07-24,71887.68098583333
2009-07-25,67653.70881708333
2009-07-26,66753.00862291666
2009-07-27,71925.20832916666
2009-07-28,71009.25471583333
2009-07-29,71144.04898708333
2009-07-30,70260.2125625
2009-07-31,69664.56558750001
2009-08-01,65552.73697541667
2009-08-02,64930.161128750005
2009-08-03,70163.10904583333
2009-08-04,70461.63199416666
2009-08-05,70845.28645416666
2009-08-06,70826.38248291667
2009-08-07,70708.43066041666
2009-08-08,66421.40494416667
2009-08-09,65361.5711225
2009-08-10,70820.55989208333
2009-08-11,70394.70523625
2009-08-12,69858.45198041668
2009-08-13,70152.05745041666
2009-08-14,70268.71353708334
2009-08-15,66746.09000208334
2009-08-16,66143.49918208334
2009-08-17,71004.52278166667
2009-08-18,71310.64355083334
2009-08-19,71501.2993125
2009-08-20,71954.275875
2009-08-21,71262.78889666667
2009-08-22,67653.53075791667
2009-08-23,67052.45816708333
2009-08-24,71960.37125291667
2009-08-25,71961.975095
2009-08-26,72983.94612333334
2009-08-27,73152.81737833333
2009-08-28,72933.96125958333
2009-08-29,69391.42984666667
2009-08-30,68707.7418575
2009-08-31,73242.03710541666
2009-09-01,73783.03271041666
2009-09-02,73912.20133083333
2009-09-03,73867.41324416666
2009-09-04,74001.91047875
2009-09-05,70390.8942025
2009-09-06,69367.80240625
2009-09-07,74391.09862916666
2009-09-08,74538.71728166667
2009-09-09,74909.79540625
2009-09-10,75269.29833666667
2009-09-11,74813.29540583333
2009-09-12,70881.05728833334
2009-09-13,70131.50634416666
2009-09-14,75608.54736000001
2009-09-15,75926.98958000001
2009-09-16,75908.436845
2009-09-17,76206.44628541666
2009-09-18,76358.21549
2009-09-19,72803.52799083333
2009-09-20,71624.32974958334
2009-09-21,76201.04573125001
2009-09-22,77249.6604775
2009-09-23,78071.34569833333
2009-09-24,78744.58235291667
2009-09-25,78821.33853749999
2009-09-26,74549.93391583333
2009-09-27,73486.20116875
2009-09-28,78766.08137625
2009-09-29,79138.85676750001
2009-09-30,79539.94270458333
2009-10-01,77367.6568975
2009-10-02,77658.821285
2009-10-03,74034.81347333333
2009-10-04,73203.46581625
2009-10-05,79596.66861541667
2009-10-06,80071.15527
2009-10-07,81219.79622083333
2009-10-08,81856.08040041667
2009-10-09,81825.86848541666
2009-10-10,78170.98990500001
2009-10-11,77414.91991791666
2009-10-12,82234.79036083333
2009-10-13,82655.01985291667
2009-10-14,82881.80663541667
2009-10-15,82526.88052916666
2009-10-16,81611.15624625
2009-10-17,77563.79557
2009-10-18,76799.90429250001
2009-10-19,82216.23664958334
2009-10-20,82035.04231416667
2009-10-21,82408.55533416667
2009-10-22,83207.39257458334
2009-10-23,83373.63997
2009-10-24,79853.67187083334
2009-10-25,79223.68716958334
2009-10-26,84850.14648083334
2009-10-27,85356.35514041666
2009-10-28,86568.66633791667
2009-10-29,86717.414385
2009-10-30,86487.66991833334
2009-10-31,82370.65331708333
2009-11-01,81729.68749666667
2009-11-02,87889.18358999999
2009-11-03,88413.018225
2009-11-04,84759.05240541666
2009-11-05,89377.64387541666
2009-11-06,89149.75520375
2009-11-07,85515.0537075
2009-11-08,84730.83105125
2009-11-09,89553.64713208332
2009-11-10,89820.98176708333
2009-11-11,90494.80273
2009-11-12,90572.00292625
2009-11-13,90466.93782208335
2009-11-14,86433.61230208333
2009-11-15,85246.4387975
2009-11-16,90345.01952833333
2009-11-17,90781.39583041666
2009-11-18,90939.41015208334
2009-11-19,90853.07323916665
2009-11-20,91020.87955416668
2009-11-21,86438.32063458333
2009-11-22,84962.77506125001
2009-11-23,90744.20637625
2009-11-24,90473.09374708333
2009-11-25,90412.29687166667
2009-11-26,90207.61848541668
2009-11-27,89581.00878583333
2009-11-28,85551.61425416666
2009-11-29,84454.17512625
2009-11-30,89685.14876041666
2009-12-01,89825.19302916666
2009-12-02,89901.86750958335
2009-12-03,89790.70409791666
2009-12-04,90229.12271708333
2009-12-05,87053.84667541667
2009-12-06,86268.87109
2009-12-07,91819.23665291666
2009-12-08,92848.9479125
2009-12-09,93962.87565041667
2009-12-10,95100.23469833333
2009-12-11,95160.93392583333
2009-12-12,91842.46060791666
2009-12-13,90516.97591083334
2009-12-14,96593.80729416666
2009-12-15,98075.65430333333
2009-12-16,99814.84473083333
2009-12-17,101103.10579791667
2009-12-18,101951.65820250001
2009-12-19,98085.43229041668
2009-12-20,95965.47330666667
2009-12-21,100972.53744166666
2009-12-22,101689.39127874999
2009-12-23,101919.16601541667
2009-12-24,100587.26399374999
2009-12-25,99162.2692075
2009-12-26,94184.00357458333
2009-12-27,92633.10579458333
2009-12-28,97282.77408624999
2009-12-29,96312.12207708333
2009-12-30,95129.45344999999
2009-12-31,90989.69791291666
2010-01-01,85334.4762325
2010-01-02,86164.23014
2010-01-03,87890.37336874999
2010-01-04,90010.81347166667
2010-01-05,91272.72818583333
2010-01-06,91983.7923175
2010-01-07,91287.45442541667
2010-01-08,92242.6136
2010-01-09,92217.26855375001
2010-01-10,92222.79654791666
2010-01-11,97194.9589825
2010-01-12,97684.90429958333
2010-01-13,98347.2112675
2010-01-14,98136.22526666668
2010-01-15,97702.04980791667
2010-01-16,93980.29198958333
2010-01-17,93519.09993208334
2010-01-18,98855.85611916667
2010-01-19,99829.85808166668
2010-01-20,100535.93131583334
2010-01-21,100946.77800416667
2010-01-22,101524.04069416667
2010-01-23,97719.75846208334
2010-01-24,96319.92349916667
2010-01-25,101547.21321125001
2010-01-26,102208.32226500001
2010-01-27,102739.2626975
2010-01-28,102985.29980333334
2010-01-29,102564.34701750001
2010-01-30,97290.28417666665
2010-01-31,95151.71060875
2010-02-01,99636.49577458332
2010-02-02,98741.02572083334
2010-02-03,98439.5048775
2010-02-04,98919.12890875
2010-02-05,99932.08560666667
2010-02-06,96165.42057166666
2010-02-07,94680.84179833333
2010-02-08,99911.65917833334
2010-02-09,99335.4671275
2010-02-10,99266.76400124999
2010-02-11,99594.67709125
2010-02-12,99661.45084208333
2010-02-13,95275.66894541668
2010-02-14,93863.29003791667
2010-02-15,98823.29622791667
2010-02-16,98616.41959541668
2010-02-17,98334.29818166666
2010-02-18,97765.3847625
2010-02-19,97321.0895275
2010-02-20,93900.42284833333
2010-02-21,92831.32617083333
2010-02-22,93067.80208041666
2010-02-23,92259.62629833334
2010-02-24,97228.36198541668
2010-02-25,96292.21516791667
2010-02-26,94947.55794083333
2010-02-27,92771.30728791667
2010-02-28,88735.02734041667
2010-03-01,92876.51464666666
2010-03-02,92079.94172708334
2010-03-03,92297.90852625
2010-03-04,91941.5475225
2010-03-05,91756.49804291666
2010-03-06,88500.90364083333
2010-03-07,87811.86099791666
2010-03-08,87883.79622
2010-03-09,92652.64420125
2010-03-10,92811.18359000002
2010-03-11,91824.91243166667
2010-03-12,92053.78385083332
2010-03-13,88080.58365500001
2010-03-14,86871.61718458333
2010-03-15,92212.77994416666
2010-03-16,90880.04296499999
2010-03-17,91364.36978791666
2010-03-18,91430.33365541667
2010-03-19,90875.149735
2010-03-20,86249.09244374999
2010-03-21,84507.88508875
2010-03-22,89499.62206708333
2010-03-23,89656.95507416666
2010-03-24,88797.74120708334
2010-03-25,88713.67480166665
2010-03-26,88476.49967083333
2010-03-27,84184.05273083334
2010-03-28,81932.611325
2010-03-29,86784.09439791666
2010-03-30,86185.53775624999
2010-03-31,85707.03027
2010-04-01,84869.23665041667
2010-04-02,83635.40819875
2010-04-03,79478.30761375
2010-04-04,77387.59342041667
2010-04-05,82066.73958000001
2010-04-06,81324.81998333333
2010-04-07,80744.98827708334
2010-04-08,80881.12597333333
2010-04-09,81021.16145375
2010-04-10,77553.936195
2010-04-11,75644.14582916666
2010-04-12,80931.8945275
2010-04-13,81122.56737791667
2010-04-14,81948.34081750001
2010-04-15,81297.97134999999
2010-04-16,79885.76008749999
2010-04-17,76158.3320275
2010-04-18,74535.35676708333
2010-04-19,79405.54947541667
2010-04-20,79883.35872
2010-04-21,79505.12857625
2010-04-22,79066.24250875
2010-04-23,78177.80175458333
2010-04-24,74417.33170125
2010-04-25,73235.27864083333
2010-04-26,77588.85969791668
2010-04-27,78088.62825125
2010-04-28,79088.64094583334
2010-04-29,78811.9905575
2010-04-30,77917.52701458333
2010-05-01,71912.0543575
2010-05-02,70611.86978875
2010-05-03,70801.96809541667
2010-05-04,74934.80240500001
2010-05-05,74665.74446291667
2010-05-06,74389.90885083334
2010-05-07,73715.02148124999
2010-05-08,69762.83219
2010-05-09,68088.31884375
2010-05-10,68886.46451458333
2010-05-11,73518.72525624999
2010-05-12,73517.001135
2010-05-13,73130.47151375
2010-05-14,72762.35709250001
2010-05-15,68668.99446291667
2010-05-16,67306.50194916666
2010-05-17,72118.11392791667
2010-05-18,72313.04231333332
2010-05-19,72957.9272425
2010-05-20,73142.02929333334
2010-05-21,71880.58511875001
2010-05-22,68266.92235875
2010-05-23,66941.91959375
2010-05-24,71600.2724575
2010-05-25,71663.87564666667
2010-05-26,71413.89257458334
2010-05-27,71399.44791291667
2010-05-28,71297.69172791667
2010-05-29,67868.28043125001
2010-05-30,66077.33837541667
2010-05-31,71231.30712625
2010-06-01,71344.58300375
2010-06-02,70438.60497583334
2010-06-03,70437.47135083334
2010-06-04,70351.54215125
2010-06-05,67131.4446575
2010-06-06,65458.27310708333
2010-06-07,70313.05517125
2010-06-08,70298.493485
2010-06-09,70348.49706625
2010-06-10,70572.49137
2010-06-11,70836.23160416666
2010-06-12,67007.25178666667
2010-06-13,65864.30859
2010-06-14,66571.71630375
2010-06-15,71045.24543875
2010-06-16,71631.51545875
2010-06-17,71803.72834875
2010-06-18,71786.14647958333
2010-06-19,68029.51187708334
2010-06-20,66055.85448875
2010-06-21,70441.09830375
2010-06-22,70609.05354416667
2010-06-23,70610.66601208334
2010-06-24,70633.85920749999
2010-06-25,70457.3443975
2010-06-26,67471.93912416666
2010-06-27,65654.98778916667
2010-06-28,70815.68554250001
2010-06-29,70843.40689666667
2010-06-30,71134.22167625
2010-07-01,71358.85432500001
2010-07-02,70639.76676083334
2010-07-03,67753.20507416666
2010-07-04,65784.33870041666
2010-07-05,70668.2960575
2010-07-06,70679.63427416667
2010-07-07,70909.93619374999
2010-07-08,71419.01025125
2010-07-09,71877.02555
2010-07-10,68334.34293208334
2010-07-11,67270.8338175
2010-07-12,71881.31819208333
2010-07-13,72330.38052958333
2010-07-14,73270.57437791667
2010-07-15,73608.63736583333
2010-07-16,73094.18782166667
2010-07-17,69819.2548775
2010-07-18,68790.54345333333
2010-07-19,73640.09000416666
2010-07-20,73739.774085
2010-07-21,74197.89420083334
2010-07-22,73641.60741791666
2010-07-23,73406.38785416666
2010-07-24,69585.498205
2010-07-25,68534.75829708333
2010-07-26,73381.19286708334
2010-07-27,74251.4243125
2010-07-28,75187.64664416667
2010-07-29,75457.13280916667
2010-07-30,75589.30435666667
2010-07-31,71275.25813416667
2010-08-01,70236.15396750001
2010-08-02,75051.97102458334
2010-08-03,75342.56884458334
2010-08-04,75411.24185875
2010-08-05,75711.47037416666
2010-08-06,75891.08430583334
2010-08-07,71503.27001625
2010-08-08,70644.98681208333
2010-08-09,75622.87515791667
2010-08-10,75815.32812083334
2010-08-11,75990.69823791667
2010-08-12,75991.07519166666
2010-08-13,75753.78059583333
2010-08-14,71885.05859
2010-08-15,71048.95165666667
2010-08-16,75961.75813333334
2010-08-17,75655.86002208333
2010-08-18,75035.70149250001
2010-08-19,74231.34993041666
2010-08-20,74308.56754291667
2010-08-21,70694.88948208334
2010-08-22,69543.84553666667
2010-08-23,74232.33300375
2010-08-24,73871.43570666667
2010-08-25,73733.8317025
2010-08-26,73467.63427458332
2010-08-27,73484.44954
2010-08-28,70293.34586208333
2010-08-29,69578.50797125
2010-08-30,74055.59553666667
2010-08-31,74389.52489958332
2010-09-01,75346.74836708333
2010-09-02,75484.45442291666
2010-09-03,75779.57568041667
2010-09-04,72305.74169583333
2010-09-05,71481.90331708333
2010-09-06,75721.07698208334
2010-09-07,76046.05631125001
2010-09-08,76249.49446249999
2010-09-09,76388.45735333333
2010-09-10,76476.918615
2010-09-11,72729.04003583333
2010-09-12,72174.95361
2010-09-13,77214.06379833333
2010-09-14,77435.05631125001
2010-09-15,77859.27799083333
2010-09-16,77311.33333333333
2010-09-17,77360.16666666667
2010-09-18,73802.47363000001
2010-09-19,72621.22981416667
2010-09-20,77515.77799208333
2010-09-21,77441.29166666667
2010-09-22,77692.54166666667
2010-09-23,78104.16666666667
2010-09-24,78200.91666666667
2010-09-25,74591.20833333333
2010-09-26,73686.58333333333
2010-09-27,78578.54166666667
2010-09-28,78951.70833333333
2010-09-29,79776.625
2010-09-30,79189.45833333333
2010-10-01,80412.08333333333
2010-10-02,77123.0
2010-10-03,76039.79166666667
2010-10-04,81454.375
2010-10-05,82923.95833333333
2010-10-06,84820.875
2010-10-07,85588.25
2010-10-08,85703.41666666667
2010-10-09,81311.58333333333
2010-10-10,80189.16666666667
2010-10-11,85417.875
2010-10-12,85094.25
2010-10-13,86010.54166666667
2010-10-14,86307.75
2010-10-15,86772.66666666667
2010-10-16,82603.125
2010-10-17,81279.20833333333
2010-10-18,86639.66666666667
2010-10-19,86894.375
2010-10-20,87044.29166666667
2010-10-21,87494.375
2010-10-22,87701.25
2010-10-23,83823.16666666667
2010-10-24,82032.45833333333
2010-10-25,87464.20833333333
2010-10-26,87610.16666666667
2010-10-27,87591.95833333333
2010-10-28,87665.45833333333
2010-10-29,88141.70833333333
2010-10-30,84874.04166666667
2010-10-31,83057.0
2010-11-01,88390.04166666667
2010-11-02,88811.25
2010-11-03,88839.625
2010-11-04,84300.16666666667
2010-11-05,84061.70833333333
2010-11-06,84301.25
2010-11-07,83877.375
2010-11-08,88533.54166666667
2010-11-09,88377.04166666667
2010-11-10,88119.33333333333
2010-11-11,88030.70833333333
2010-11-12,87546.20833333333
2010-11-13,86482.95833333333
2010-11-14,82967.04166666667
2010-11-15,88004.91666666667
2010-11-16,88151.41666666667
2010-11-17,88576.04166666667
2010-11-18,88880.75
2010-11-19,89621.83333333333
2010-11-20,86054.41666666667
2010-11-21,84967.875
2010-11-22,90890.79166666667
2010-11-23,92308.66666666667
2010-11-24,93218.95833333333
2010-11-25,93495.45833333333
2010-11-26,93491.83333333333
2010-11-27,89357.95833333333
2010-11-28,89383.08333333333
2010-11-29,95625.0
2010-11-30,96717.20833333333
2010-12-01,98430.625
2010-12-02,99702.0
2010-12-03,100658.95833333333
2010-12-04,94972.66666666667
2010-12-05,93091.875
2010-12-06,99365.875
2010-12-07,98548.04166666667
2010-12-08,98571.41666666667
2010-12-09,98308.875
2010-12-10,97163.41666666667
2010-12-11,93938.125
2010-12-12,92483.125
2010-12-13,97554.29166666667
2010-12-14,97619.0
2010-12-15,97845.375
2010-12-16,98385.79166666667
2010-12-17,98288.95833333333
2010-12-18,95041.125
2010-12-19,93754.41666666667
2010-12-20,100078.16666666667
2010-12-21,100350.5
2010-12-22,100756.58333333333
2010-12-23,100363.41666666667
2010-12-24,99356.16666666667
2010-12-25,95366.20833333333
2010-12-26,92735.625
2010-12-27,98379.0
2010-12-28,98558.45833333333
2010-12-29,98430.41666666667
2010-12-30,96968.95833333333
2010-12-31,94054.125
2011-01-01,87165.91666666667
2011-01-02,87598.25
2011-01-03,88714.875
2011-01-04,90767.29166666667
2011-01-05,90876.70833333333
2011-01-06,91311.16666666667
2011-01-07,90342.91666666667
2011-01-08,90918.25
2011-01-09,90619.16666666667
2011-01-10,91690.58333333333
2011-01-11,96919.375
2011-01-12,97304.875
2011-01-13,97106.41666666667
2011-01-14,96951.41666666667
2011-01-15,93708.91666666667
2011-01-16,92413.41666666667
2011-01-17,97409.66666666667
2011-01-18,98319.83333333333
2011-01-19,99341.29166666667
2011-01-20,99886.91666666667
2011-01-21,100120.91666666667
2011-01-22,95614.125
2011-01-23,94247.125
2011-01-24,100511.16666666667
2011-01-25,99951.25
2011-01-26,99659.45833333333
2011-01-27,99808.91666666667
2011-01-28,99837.41666666667
2011-01-29,95490.54166666667
2011-01-30,93385.83333333333
2011-01-31,99336.54166666667
2011-02-01,99085.20833333333
2011-02-02,98456.41666666667
2011-02-03,97955.75
2011-02-04,98064.29166666667
2011-02-05,93917.04166666667
2011-02-06,92242.0
2011-02-07,97566.58333333333
2011-02-08,98003.45833333333
2011-02-09,97563.58333333333
2011-02-10,97702.83333333333
2011-02-11,98792.66666666667
2011-02-12,94769.0
2011-02-13,93208.04166666667
2011-02-14,98651.54166666667
2011-02-15,99772.66666666667
2011-02-16,100340.66666666667
2011-02-17,100982.125
2011-02-18,102339.375
2011-02-19,99061.5
2011-02-20,97427.91666666667
2011-02-21,103232.875
2011-02-22,103104.375
2011-02-23,97544.25
2011-02-24,101603.125
2011-02-25,100760.16666666667
2011-02-26,97264.20833333333
2011-02-27,95191.33333333333
2011-02-28,100218.0
2011-03-01,99959.70833333333
2011-03-02,98988.95833333333
2011-03-03,99409.0
2011-03-04,98333.20833333333
2011-03-05,96532.375
2011-03-06,91891.54166666667
2011-03-07,90929.66666666667
2011-03-08,90463.875
2011-03-09,95152.08333333333
2011-03-10,93506.625
2011-03-11,93605.04166666667
2011-03-12,89596.33333333333
2011-03-13,87857.5
2011-03-14,92634.54166666667
2011-03-15,92267.5
2011-03-16,90994.66666666667
2011-03-17,91127.70833333333
2011-03-18,90897.41666666667
2011-03-19,87652.54166666667
2011-03-20,85282.25
2011-03-21,90438.41666666667
2011-03-22,90350.20833333333
2011-03-23,90572.25
2011-03-24,89882.25
2011-03-25,90176.41666666667
2011-03-26,86887.20833333333
2011-03-27,84831.45833333333
2011-03-28,89719.25
2011-03-29,89916.54166666667
2011-03-30,89942.5
2011-03-31,89618.08333333333
2011-04-01,89621.41666666667
2011-04-02,84752.29166666667
2011-04-03,82509.08333333333
2011-04-04,87333.91666666667
2011-04-05,86334.75
2011-04-06,85853.45833333333
2011-04-07,86215.0
2011-04-08,86078.41666666667
2011-04-09,82620.41666666667
2011-04-10,80918.04166666667
2011-04-11,85809.54166666667
2011-04-12,86020.375
2011-04-13,86055.54166666667
2011-04-14,85676.20833333333
2011-04-15,85559.16666666667
2011-04-16,81266.625
2011-04-17,79969.125
2011-04-18,84869.45833333333
2011-04-19,84516.29166666667
2011-04-20,84494.5
2011-04-21,84304.625
2011-04-22,84214.875
2011-04-23,80694.58333333333
2011-04-24,78411.70833333333
2011-04-25,83274.91666666667
2011-04-26,81660.54166666667
2011-04-27,80476.83333333333
2011-04-28,79608.5
2011-04-29,78742.45833333333
2011-04-30,74561.16666666667
2011-05-01,72771.08333333333
2011-05-02,73291.20833333333
2011-05-03,76903.33333333333
2011-05-04,77318.91666666667
2011-05-05,77039.75
2011-05-06,76416.45833333333
2011-05-07,72667.95833333333
2011-05-08,71017.875
2011-05-09,70646.375
2011-05-10,75762.58333333333
2011-05-11,75764.0
2011-05-12,75984.41666666667
2011-05-13,75954.5
2011-05-14,72753.20833333333
2011-05-15,70851.25
2011-05-16,75620.625
2011-05-17,75960.0
2011-05-18,75908.25
2011-05-19,75666.41666666667
2011-05-20,75122.25
2011-05-21,71999.54166666667
2011-05-22,70367.625
2011-05-23,75118.125
2011-05-24,74969.375
2011-05-25,75409.95833333333
2011-05-26,75524.70833333333
2011-05-27,75096.33333333333
2011-05-28,71236.66666666667
2011-05-29,69738.95833333333
2011-05-30,74505.33333333333
2011-05-31,74319.58333333333
2011-06-01,74555.16666666667
2011-06-02,74912.83333333333
2011-06-03,75086.83333333333
2011-06-04,71689.875
2011-06-05,69712.04166666667
2011-06-06,74601.04166666667
2011-06-07,74707.0
2011-06-08,75211.25
2011-06-09,74966.91666666667
2011-06-10,74684.16666666667
2011-06-11,70447.29166666667
2011-06-12,68854.91666666667
2011-06-13,69510.125
2011-06-14,74122.41666666667
2011-06-15,74530.41666666667
2011-06-16,75009.54166666667
2011-06-17,74772.58333333333
2011-06-18,70897.125
2011-06-19,69605.0
2011-06-20,74624.66666666667
2011-06-21,74972.04166666667
2011-06-22,74527.04166666667
2011-06-23,75002.0
2011-06-24,74602.875
2011-06-25,71195.375
2011-06-26,69586.45833333333
2011-06-27,74558.45833333333
2011-06-28,74836.45833333333
2011-06-29,74535.79166666667
2011-06-30,74324.79166666667
2011-07-01,74491.83333333333
2011-07-02,71134.16666666667
2011-07-03,70141.91666666667
2011-07-04,74921.91666666667
2011-07-05,74941.45833333333
2011-07-06,75318.04166666667
2011-07-07,75049.25
2011-07-08,75155.125
2011-07-09,71575.875
2011-07-10,70450.25
2011-07-11,74221.91666666667
2011-07-12,74535.5
2011-07-13,74842.125
2011-07-14,74872.875
2011-07-15,74942.5
2011-07-16,70916.45833333333
2011-07-17,69874.625
2011-07-18,74906.79166666667
2011-07-19,75264.70833333333
2011-07-20,75491.54166666667
2011-07-21,76149.58333333333
2011-07-22,76230.95833333333
2011-07-23,72453.79166666667
2011-07-24,70307.33333333333
2011-07-25,75574.41666666667
2011-07-26,75932.25
2011-07-27,76487.54166666667
2011-07-28,77252.16666666667
2011-07-29,77499.45833333333
2011-07-30,72689.45833333333
2011-07-31,71358.125
2011-08-01,76477.29166666667
2011-08-02,76028.125
2011-08-03,75858.20833333333
2011-08-04,74938.08333333333
2011-08-05,74406.91666666667
2011-08-06,71061.25
2011-08-07,69947.0
2011-08-08,74660.875
2011-08-09,74710.33333333333
2011-08-10,74936.41666666667
2011-08-11,75106.375
2011-08-12,75172.125
2011-08-13,71548.91666666667
2011-08-14,70317.5
2011-08-15,75258.79166666667
2011-08-16,75603.16666666667
2011-08-17,75946.08333333333
2011-08-18,75575.75
2011-08-19,75091.58333333333
2011-08-20,71520.33333333333
2011-08-21,70424.75
2011-08-22,75226.83333333333
2011-08-23,75192.91666666667
2011-08-24,75172.70833333333
2011-08-25,75651.91666666667
2011-08-26,75544.91666666667
2011-08-27,72227.58333333333
2011-08-28,71262.08333333333
2011-08-29,75203.125
2011-08-30,75522.16666666667
2011-08-31,76229.375
2011-09-01,75997.91666666667
2011-09-02,76312.66666666667
2011-09-03,72303.375
2011-09-04,70842.5
2011-09-05,75274.33333333333
2011-09-06,75698.25
2011-09-07,76008.375
2011-09-08,76161.91666666667
2011-09-09,76247.91666666667
2011-09-10,72667.83333333333
2011-09-11,71518.20833333333
2011-09-12,76301.83333333333
2011-09-13,77029.25
2011-09-14,77624.625
2011-09-15,77725.79166666667
2011-09-16,77767.33333333333
2011-09-17,73935.125
2011-09-18,72799.20833333333
2011-09-19,78276.70833333333
2011-09-20,78910.54166666667
2011-09-21,79381.66666666667
2011-09-22,79599.91666666667
2011-09-23,80121.375
2011-09-24,76668.125
2011-09-25,75302.20833333333
2011-09-26,80468.625
2011-09-27,81087.5
2011-09-28,81668.29166666667
2011-09-29,81770.375
2011-09-30,81746.54166666667
2011-10-01,78493.875
2011-10-02,77084.0
2011-10-03,83427.125
2011-10-04,83722.66666666667
2011-10-05,84604.5
2011-10-06,84502.20833333333
2011-10-07,83335.0
2011-10-08,78802.54166666667
2011-10-09,78081.625
2011-10-10,83279.875
2011-10-11,83100.04166666667
2011-10-12,83469.29166666667
2011-10-13,83886.16666666667
2011-10-14,83969.79166666667
2011-10-15,81390.79166666667
2011-10-16,80624.29166666667
2011-10-17,85398.83333333333
2011-10-18,86289.33333333333
2011-10-19,86792.29166666667
2011-10-20,87084.875
2011-10-21,86837.0
2011-10-22,84284.25
2011-10-23,82147.70833333333
2011-10-24,87212.0
2011-10-25,87696.5
2011-10-26,88241.41666666667
2011-10-27,88844.33333333333
2011-10-28,89000.16666666667
2011-10-29,85514.41666666667
2011-10-30,83975.875
2011-10-31,89311.625
2011-11-01,89736.16666666667
2011-11-02,89531.58333333333
2011-11-03,88590.83333333333
2011-11-04,85855.0
2011-11-05,86233.95833333333
2011-11-06,86177.58333333333
2011-11-07,90944.0
2011-11-08,92642.58333333333
2011-11-09,94120.375
2011-11-10,94573.16666666667
2011-11-11,94274.375
2011-11-12,90137.58333333333
2011-11-13,89311.58333333333
2011-11-14,94329.16666666667
2011-11-15,94840.04166666667
2011-11-16,95405.45833333333
2011-11-17,95449.45833333333
2011-11-18,95228.0
2011-11-19,91740.83333333333
2011-11-20,90162.66666666667
2011-11-21,95614.5
2011-11-22,96260.0
